<?xml version="1.0" encoding="UTF-8"?>
<!DOCTYPE mapper PUBLIC "-//mybatis.org//DTD Mapper 3.0//EN"
	"https://mybatis.org/dtd/mybatis-3-mapper.dtd">
<mapper namespace="com.kh.spring.board.model.dao.BoardDao">

	<select id="selectBoardList" resultType="Board">
		SELECT BOARD_NO, BOARD_TITLE, BOARD_WRITER, COUNT, CREATE_DATE,
		ORIGIN_NAME
		FROM BOARD
		WHERE STATUS = 'Y'
		<if test="keyword != null and condition != null">
			<choose>
				<when test="condition == 'writer'">
					AND BOARD_WRITER LIKE '%' || #{keyword} || '%'
				</when>

				<when test="condition == 'title'">
					AND BOARD_TITLE LIKE '%' || #{keyword} || '%'
				</when>

				<when test="condition == 'content'">
					AND BOARD_CONTENT LIKE '%' || #{keyword} || '%'
				</when>
			</choose>
		</if>
		<choose>
			<when test="orderby == 'count'">
				ORDER BY COUNT DESC
			</when>
			<otherwise>
				ORDER BY BOARD_NO
			</otherwise>
		</choose>
	</select>

	<select id="selectBoardCount" resultType="_int">
		SELECT COUNT(*)
		FROM BOARD
		WHERE STATUS = 'Y'
		<if test="keyword != null and condition != null">
			<choose>
				<when test="condition == 'writer'">
					AND BOARD_WRITER LIKE '%' || #{keyword} || '%'
				</when>

				<when test="condition == 'title'">
					AND BOARD_TITLE LIKE '%${keyword}%'
					<!-- 위의 방법과 동일하다 ('%' || #{keyword} || '%') -->
				</when>

				<when test="condition == 'content'">
					AND BOARD_CONTENT LIKE '%' || #{keyword} || '%'
				</when>
			</choose>
		</if>
	</select>
	
	<insert id="insertBoard">
		INSERT INTO BOARD (BOARD_NO, BOARD_TITLE, BOARD_WRITER, BOARD_CONTENT, ORIGIN_NAME, CHANGE_NAME) 
				VALUES (SEQ_BNO.NEXTVAL, #{boardTitle}, #{boardWriter}, #{boardContent}, #{originName}, #{changeName})
	</insert>
	
	<select id="selectBoard" resultType="Board">
		SELECT BOARD_NO, BOARD_TITLE, BOARD_WRITER, CREATE_DATE, ORIGIN_NAME, CHANGE_NAME, BOARD_CONTENT
		FROM BOARD
		WHERE STATUS = 'Y' AND BOARD_NO = #{boardNo}
	</select>
	
	<update id="increaseCount">
		UPDATE BOARD
		    SET COUNT = COUNT + 1
		WHERE BOARD_NO = #{boardNo}
	</update>

	<select id="selectReplyList" resultType="Reply">
		SELECT *
		FROM REPLY
		WHERE REF_BNO = #{boardNo}
		ORDER BY REPLY_NO DESC
	</select>
	
	<update id="updateBoard">
		UPDATE BOARD
			SET 
				BOARD_TITLE = #{boardTitle},
				BOARD_CONTENT = #{boardContent},
				ORIGIN_NAME = #{originName},
				CHANGE_NAME = #{changeName},
				CREATE_DATE = SYSDATE
		WHERE BOARD_NO = #{boardNo}
			AND STATUS = 'Y'
	</update>
	
	<delete id="deleteBoard">
		UPDATE BOARD
			SET STATUS = 'N'
		WHERE BOARD_NO = #{boardNo}
	</delete>
	
	<insert id="insertReply">
		INSERT INTO REPLY (REPLY_NO, REPLY_CONTENT, REF_BNO, REPLY_WRITER)
					VALUES (SEQ_RNO.NEXTVAL, #{replyContent}, #{refBno}, #{replyWriter})
	</insert>
	
	<select id="selectReply" resultType="Reply">
		SELECT *
		FROM REPLY
		WHERE REF_BNO = #{boardId}
		ORDER BY REPLY_NO DESC
		HAVING REPLY_NO = (
			SELECT MAX(REPLY_NO)
			FROM REPLY
		)
	</select>
	
	<select id="selectBoardTop5" resultType="Board">
		SELECT
	</select>
</mapper>