<?xml version="1.0" encoding="UTF-8" ?>
<!DOCTYPE mapper
  PUBLIC "-//mybatis.org//DTD Mapper 3.0//EN"
  "https://mybatis.org/dtd/mybatis-3-mapper.dtd">
<mapper namespace="noticeMapper">

	<select id="selectNoticeList" resultType="Notice">
		SELECT NOTICE_NO, NOTICE_TITLE, NOTICE_WRITER, CREATE_DATE
		FROM NOTICE
		WHERE 1=1 --> 조건이 많아질 경우에 무조건 true라는 값을 주고 밑에 조건들을 AND로 작성한다.
			<if test="keyword != null">
				AND NOTICE_TITLE LIKE '%' || #{KEYWORD} || '%'
			</if>
		ORDER BY NOTICE_NO DESC
	</select>
	
	<select id="selectNotice" resultType="Notice">
		SELECT NOTICE_NO, NOTICE_TITLE, NOTICE_WRITER, NOTICE_CONTENT, CREATE_DATE
		FROM NOTICE
		WHERE NOTICE_NO = #{noticeNo}
	</select>
	
	<select id="selectNoticeCount" resultType="_int">
		SELECT COUNT(*)
		FROM NOTICE
		WHERE 1=1
			<if test="keyword != null">
				AND NOTICE_TITLE LIKE '%' || #{keyword} || '%'
			</if>
	</select>
	
	<insert id="insertNotice">
		INSERT INTO NOTICE VALUES (SEQ_NNO.NEXTVAL, #{noticeTitle}, #{noticeWriter}, #{noticeContent}, DEFAULT)
	</insert>
	
	<update id="updateNotice">
		UPDATE NOTICE
		    SET NOTICE_TITLE = #{noticeTitle}, NOTICE_CONTENT = #{noticeContent}
		WHERE NOTICE_NO = #{noticeNo}
	</update>
	
	<delete id="deleteNotice">
		DELETE FROM NOTICE
		WHERE NOTICE_NO = #{noticeNo}
	</delete>
	
</mapper>